{
  "project_info": {
    "project_number": "89040269980",
    "project_id": "artisan-engine-1628531989909",
    "storage_bucket": "artisan-engine-1628531989909.appspot.com"
  },
  "client": [
    {
      "client_info": {
        "mobilesdk_app_id": "1:89040269980:android:fa2b0de431d9e744fbf359",
        "android_client_info": {
          "package_name": "com.tracker.artisanengine"
        }
      },
      "oauth_client": [
        {
          "client_id": "89040269980-rpdn9548ip5vhsf5i9eg64c6jcvsm62f.apps.googleusercontent.com",
          "client_type": 1,
          "android_info": {
            "package_name": "com.tracker.artisanengine",
            "certificate_hash": "5dfaa52a0146cb6da116c8a78c71468bbcf6bdef"
          }
        },
        {
          "client_id": "89040269980-ahq4oh0rf6qerjmafb4aa17canuhhl69.apps.googleusercontent.com",
          "client_type": 3
        }
      ],
      "api_key": [
        {
          "current_key": "AIzaSyDepjbOnxPceyyIQgkLSIFjqJbV6qVyuQI"
        }
      ],
      "services": {
        "appinvite_service": {
          "other_platform_oauth_client": [
            {
              "client_id": "89040269980-ahq4oh0rf6qerjmafb4aa17canuhhl69.apps.googleusercontent.com",
              "client_type": 3
            }
          ]
        }
      }
    }
  ],
  "configuration_version": "1"
}